Date,Order_ID,Territory,State,Postcode,Latitude,Longitude,Sales,Profit,Category,Segment
2025-01-01,ORD0001,Darwin,NT,0800,-12.4634,130.8456,6650,798.0,Office Supplies,Corporate
2025-01-01,ORD0002,Palmerston,NT,0830,-12.486,130.9833,8450,1225.25,Furniture,Home Office
2025-01-01,ORD0003,Katherine,NT,0850,-14.465,132.2635,10250,1742.5,Technology,Consumer
2025-01-01,ORD0004,Tennant Creek,NT,0860,-19.6497,134.1914,12050,1446.0,Office Supplies,Corporate
2025-01-01,ORD0005,Alice Springs,NT,0870,-23.698,133.8807,13850,2008.25,Furniture,Home Office
2025-01-01,ORD0006,Nhulunbuy,NT,0880,-12.182,136.782,15650,2660.5,Technology,Consumer
2025-02-01,ORD0007,Darwin,NT,0800,-12.4634,130.8456,7300,876.0,Furniture,Home Office
2025-02-01,ORD0008,Palmerston,NT,0830,-12.486,130.9833,9100,1319.5,Technology,Consumer
2025-02-01,ORD0009,Katherine,NT,0850,-14.465,132.2635,10900,1853.0,Office Supplies,Corporate
2025-02-01,ORD0010,Tennant Creek,NT,0860,-19.6497,134.1914,12700,1524.0,Furniture,Home Office
2025-02-01,ORD0011,Alice Springs,NT,0870,-23.698,133.8807,14500,2102.5,Technology,Consumer
2025-02-01,ORD0012,Nhulunbuy,NT,0880,-12.182,136.782,16300,2771.0,Office Supplies,Corporate
2025-03-01,ORD0013,Darwin,NT,0800,-12.4634,130.8456,7950,954.0,Technology,Consumer
2025-03-01,ORD0014,Palmerston,NT,0830,-12.486,130.9833,9750,1413.75,Office Supplies,Corporate
2025-03-01,ORD0015,Katherine,NT,0850,-14.465,132.2635,11550,1963.5,Furniture,Home Office
2025-03-01,ORD0016,Tennant Creek,NT,0860,-19.6497,134.1914,13350,1602.0,Technology,Consumer
2025-03-01,ORD0017,Alice Springs,NT,0870,-23.698,133.8807,15150,2196.75,Office Supplies,Corporate
2025-03-01,ORD0018,Nhulunbuy,NT,0880,-12.182,136.782,16950,2881.5,Furniture,Home Office
2025-04-01,ORD0019,Darwin,NT,0800,-12.4634,130.8456,8600,1032.0,Office Supplies,Corporate
2025-04-01,ORD0020,Palmerston,NT,0830,-12.486,130.9833,10400,1508.0,Furniture,Home Office
2025-04-01,ORD0021,Katherine,NT,0850,-14.465,132.2635,12200,2074.0,Technology,Consumer
2025-04-01,ORD0022,Tennant Creek,NT,0860,-19.6497,134.1914,14000,1680.0,Office Supplies,Corporate
2025-04-01,ORD0023,Alice Springs,NT,0870,-23.698,133.8807,15800,2291.0,Furniture,Home Office
2025-04-01,ORD0024,Nhulunbuy,NT,0880,-12.182,136.782,17600,2992.0,Technology,Consumer
2025-05-01,ORD0025,Darwin,NT,0800,-12.4634,130.8456,9250,1110.0,Furniture,Home Office
2025-05-01,ORD0026,Palmerston,NT,0830,-12.486,130.9833,11050,1602.25,Technology,Consumer
2025-05-01,ORD0027,Katherine,NT,0850,-14.465,132.2635,12850,2184.5,Office Supplies,Corporate
2025-05-01,ORD0028,Tennant Creek,NT,0860,-19.6497,134.1914,14650,1758.0,Furniture,Home Office
2025-05-01,ORD0029,Alice Springs,NT,0870,-23.698,133.8807,16450,2385.25,Technology,Consumer
2025-05-01,ORD0030,Nhulunbuy,NT,0880,-12.182,136.782,18250,3102.5,Office Supplies,Corporate
2025-06-01,ORD0031,Darwin,NT,0800,-12.4634,130.8456,9900,1188.0,Technology,Consumer
2025-06-01,ORD0032,Palmerston,NT,0830,-12.486,130.9833,11700,1696.5,Office Supplies,Corporate
2025-06-01,ORD0033,Katherine,NT,0850,-14.465,132.2635,13500,2295.0,Furniture,Home Office
2025-06-01,ORD0034,Tennant Creek,NT,0860,-19.6497,134.1914,15300,1836.0,Technology,Consumer
2025-06-01,ORD0035,Alice Springs,NT,0870,-23.698,133.8807,17100,2479.5,Office Supplies,Corporate
2025-06-01,ORD0036,Nhulunbuy,NT,0880,-12.182,136.782,18900,3213.0,Furniture,Home Office
2025-07-01,ORD0037,Darwin,NT,0800,-12.4634,130.8456,10550,1266.0,Office Supplies,Corporate
2025-07-01,ORD0038,Palmerston,NT,0830,-12.486,130.9833,12350,1790.75,Furniture,Home Office
2025-07-01,ORD0039,Katherine,NT,0850,-14.465,132.2635,14150,2405.5,Technology,Consumer
2025-07-01,ORD0040,Tennant Creek,NT,0860,-19.6497,134.1914,15950,1914.0,Office Supplies,Corporate
2025-07-01,ORD0041,Alice Springs,NT,0870,-23.698,133.8807,17750,2573.75,Furniture,Home Office
2025-07-01,ORD0042,Nhulunbuy,NT,0880,-12.182,136.782,19550,3323.5,Technology,Consumer
2025-08-01,ORD0043,Darwin,NT,0800,-12.4634,130.8456,11200,1344.0,Furniture,Home Office
2025-08-01,ORD0044,Palmerston,NT,0830,-12.486,130.9833,13000,1885.0,Technology,Consumer
2025-08-01,ORD0045,Katherine,NT,0850,-14.465,132.2635,14800,2516.0,Office Supplies,Corporate
2025-08-01,ORD0046,Tennant Creek,NT,0860,-19.6497,134.1914,16600,1992.0,Furniture,Home Office
2025-08-01,ORD0047,Alice Springs,NT,0870,-23.698,133.8807,18400,2668.0,Technology,Consumer
2025-08-01,ORD0048,Nhulunbuy,NT,0880,-12.182,136.782,20200,3434.0,Office Supplies,Corporate
2025-09-01,ORD0049,Darwin,NT,0800,-12.4634,130.8456,11850,1422.0,Technology,Consumer
2025-09-01,ORD0050,Palmerston,NT,0830,-12.486,130.9833,13650,1979.25,Office Supplies,Corporate
2025-09-01,ORD0051,Katherine,NT,0850,-14.465,132.2635,15450,2626.5,Furniture,Home Office
2025-09-01,ORD0052,Tennant Creek,NT,0860,-19.6497,134.1914,17250,2070.0,Technology,Consumer
2025-09-01,ORD0053,Alice Springs,NT,0870,-23.698,133.8807,19050,2762.25,Office Supplies,Corporate
2025-09-01,ORD0054,Nhulunbuy,NT,0880,-12.182,136.782,20850,3544.5,Furniture,Home Office
2025-10-01,ORD0055,Darwin,NT,0800,-12.4634,130.8456,12500,1500.0,Office Supplies,Corporate
2025-10-01,ORD0056,Palmerston,NT,0830,-12.486,130.9833,14300,2073.5,Furniture,Home Office
2025-10-01,ORD0057,Katherine,NT,0850,-14.465,132.2635,16100,2737.0,Technology,Consumer
2025-10-01,ORD0058,Tennant Creek,NT,0860,-19.6497,134.1914,17900,2148.0,Office Supplies,Corporate
2025-10-01,ORD0059,Alice Springs,NT,0870,-23.698,133.8807,19700,2856.5,Furniture,Home Office
2025-10-01,ORD0060,Nhulunbuy,NT,0880,-12.182,136.782,21500,3655.0,Technology,Consumer
2025-11-01,ORD0061,Darwin,NT,0800,-12.4634,130.8456,13150,1578.0,Furniture,Home Office
2025-11-01,ORD0062,Palmerston,NT,0830,-12.486,130.9833,14950,2167.75,Technology,Consumer
2025-11-01,ORD0063,Katherine,NT,0850,-14.465,132.2635,16750,2847.5,Office Supplies,Corporate
2025-11-01,ORD0064,Tennant Creek,NT,0860,-19.6497,134.1914,18550,2226.0,Furniture,Home Office
2025-11-01,ORD0065,Alice Springs,NT,0870,-23.698,133.8807,20350,2950.75,Technology,Consumer
2025-11-01,ORD0066,Nhulunbuy,NT,0880,-12.182,136.782,22150,3765.5,Office Supplies,Corporate
2025-12-01,ORD0067,Darwin,NT,0800,-12.4634,130.8456,13800,1656.0,Technology,Consumer
2025-12-01,ORD0068,Palmerston,NT,0830,-12.486,130.9833,15600,2262.0,Office Supplies,Corporate
2025-12-01,ORD0069,Katherine,NT,0850,-14.465,132.2635,17400,2958.0,Furniture,Home Office
2025-12-01,ORD0070,Tennant Creek,NT,0860,-19.6497,134.1914,19200,2304.0,Technology,Consumer
2025-12-01,ORD0071,Alice Springs,NT,0870,-23.698,133.8807,21000,3045.0,Office Supplies,Corporate
2025-12-01,ORD0072,Nhulunbuy,NT,0880,-12.182,136.782,22800,3876.0,Furniture,Home Office
2026-01-01,ORD0073,Darwin,NT,0800,-12.4634,130.8456,9150,1098.0,Office Supplies,Corporate
2026-01-01,ORD0074,Palmerston,NT,0830,-12.486,130.9833,10950,1587.75,Furniture,Home Office
2026-01-01,ORD0075,Katherine,NT,0850,-14.465,132.2635,12750,2167.5,Technology,Consumer
2026-01-01,ORD0076,Tennant Creek,NT,0860,-19.6497,134.1914,14550,1746.0,Office Supplies,Corporate
2026-01-01,ORD0077,Alice Springs,NT,0870,-23.698,133.8807,16350,2370.75,Furniture,Home Office
2026-01-01,ORD0078,Nhulunbuy,NT,0880,-12.182,136.782,18150,3085.5,Technology,Consumer
2026-02-01,ORD0079,Darwin,NT,0800,-12.4634,130.8456,9800,1176.0,Furniture,Home Office
2026-02-01,ORD0080,Palmerston,NT,0830,-12.486,130.9833,11600,1682.0,Technology,Consumer
2026-02-01,ORD0081,Katherine,NT,0850,-14.465,132.2635,13400,2278.0,Office Supplies,Corporate
2026-02-01,ORD0082,Tennant Creek,NT,0860,-19.6497,134.1914,15200,1824.0,Furniture,Home Office
2026-02-01,ORD0083,Alice Springs,NT,0870,-23.698,133.8807,17000,2465.0,Technology,Consumer
2026-02-01,ORD0084,Nhulunbuy,NT,0880,-12.182,136.782,18800,3196.0,Office Supplies,Corporate
2026-03-01,ORD0085,Darwin,NT,0800,-12.4634,130.8456,10450,1254.0,Technology,Consumer
2026-03-01,ORD0086,Palmerston,NT,0830,-12.486,130.9833,12250,1776.25,Office Supplies,Corporate
2026-03-01,ORD0087,Katherine,NT,0850,-14.465,132.2635,14050,2388.5,Furniture,Home Office
2026-03-01,ORD0088,Tennant Creek,NT,0860,-19.6497,134.1914,15850,1902.0,Technology,Consumer
2026-03-01,ORD0089,Alice Springs,NT,0870,-23.698,133.8807,17650,2559.25,Office Supplies,Corporate
2026-03-01,ORD0090,Nhulunbuy,NT,0880,-12.182,136.782,19450,3306.5,Furniture,Home Office
2026-04-01,ORD0091,Darwin,NT,0800,-12.4634,130.8456,11100,1332.0,Office Supplies,Corporate
2026-04-01,ORD0092,Palmerston,NT,0830,-12.486,130.9833,12900,1870.5,Furniture,Home Office
2026-04-01,ORD0093,Katherine,NT,0850,-14.465,132.2635,14700,2499.0,Technology,Consumer
2026-04-01,ORD0094,Tennant Creek,NT,0860,-19.6497,134.1914,16500,1980.0,Office Supplies,Corporate
2026-04-01,ORD0095,Alice Springs,NT,0870,-23.698,133.8807,18300,2653.5,Furniture,Home Office
2026-04-01,ORD0096,Nhulunbuy,NT,0880,-12.182,136.782,20100,3417.0,Technology,Consumer
2026-05-01,ORD0097,Darwin,NT,0800,-12.4634,130.8456,11750,1410.0,Furniture,Home Office
2026-05-01,ORD0098,Palmerston,NT,0830,-12.486,130.9833,13550,1964.75,Technology,Consumer
2026-05-01,ORD0099,Katherine,NT,0850,-14.465,132.2635,15350,2609.5,Office Supplies,Corporate
2026-05-01,ORD0100,Tennant Creek,NT,0860,-19.6497,134.1914,17150,2058.0,Furniture,Home Office
2026-05-01,ORD0101,Alice Springs,NT,0870,-23.698,133.8807,18950,2747.75,Technology,Consumer
2026-05-01,ORD0102,Nhulunbuy,NT,0880,-12.182,136.782,20750,3527.5,Office Supplies,Corporate
2026-06-01,ORD0103,Darwin,NT,0800,-12.4634,130.8456,12400,1488.0,Technology,Consumer
2026-06-01,ORD0104,Palmerston,NT,0830,-12.486,130.9833,14200,2059.0,Office Supplies,Corporate
2026-06-01,ORD0105,Katherine,NT,0850,-14.465,132.2635,16000,2720.0,Furniture,Home Office
2026-06-01,ORD0106,Tennant Creek,NT,0860,-19.6497,134.1914,17800,2136.0,Technology,Consumer
2026-06-01,ORD0107,Alice Springs,NT,0870,-23.698,133.8807,19600,2842.0,Office Supplies,Corporate
2026-06-01,ORD0108,Nhulunbuy,NT,0880,-12.182,136.782,21400,3638.0,Furniture,Home Office
2026-07-01,ORD0109,Darwin,NT,0800,-12.4634,130.8456,13050,1566.0,Office Supplies,Corporate
2026-07-01,ORD0110,Palmerston,NT,0830,-12.486,130.9833,14850,2153.25,Furniture,Home Office
2026-07-01,ORD0111,Katherine,NT,0850,-14.465,132.2635,16650,2830.5,Technology,Consumer
2026-07-01,ORD0112,Tennant Creek,NT,0860,-19.6497,134.1914,18450,2214.0,Office Supplies,Corporate
2026-07-01,ORD0113,Alice Springs,NT,0870,-23.698,133.8807,20250,2936.25,Furniture,Home Office
2026-07-01,ORD0114,Nhulunbuy,NT,0880,-12.182,136.782,22050,3748.5,Technology,Consumer
2026-08-01,ORD0115,Darwin,NT,0800,-12.4634,130.8456,13700,1644.0,Furniture,Home Office
2026-08-01,ORD0116,Palmerston,NT,0830,-12.486,130.9833,15500,2247.5,Technology,Consumer
2026-08-01,ORD0117,Katherine,NT,0850,-14.465,132.2635,17300,2941.0,Office Supplies,Corporate
2026-08-01,ORD0118,Tennant Creek,NT,0860,-19.6497,134.1914,19100,2292.0,Furniture,Home Office
2026-08-01,ORD0119,Alice Springs,NT,0870,-23.698,133.8807,20900,3030.5,Technology,Consumer
2026-08-01,ORD0120,Nhulunbuy,NT,0880,-12.182,136.782,22700,3859.0,Office Supplies,Corporate
2026-09-01,ORD0121,Darwin,NT,0800,-12.4634,130.8456,14350,1722.0,Technology,Consumer
2026-09-01,ORD0122,Palmerston,NT,0830,-12.486,130.9833,16150,2341.75,Office Supplies,Corporate
2026-09-01,ORD0123,Katherine,NT,0850,-14.465,132.2635,17950,3051.5,Furniture,Home Office
2026-09-01,ORD0124,Tennant Creek,NT,0860,-19.6497,134.1914,19750,2370.0,Technology,Consumer
2026-09-01,ORD0125,Alice Springs,NT,0870,-23.698,133.8807,21550,3124.75,Office Supplies,Corporate
2026-09-01,ORD0126,Nhulunbuy,NT,0880,-12.182,136.782,23350,3969.5,Furniture,Home Office
